target_fault,target_thread_group_fault,position_fault,mask_fault,type_fault,position,golden_data,mask_golden,faulty_data,mask_faulty,mask,error_relative,error_abs
4,0,0A000,0x1000,sa1,0,4.0859375,0x4416,4.3984375,0x4466,0x70,0.07647705078125,0.3125
4,0,0A000,0x1000,sa1,1,3.203125,0x4268,3.96484375,0x43ee,0x186,0.23779296875,0.76171875
4,0,0A000,0x1000,sa1,2,4.44921875,0x4473,4.7421875,0x44be,0xcd,0.06585693359375,0.29296875
4,0,0A000,0x1000,sa1,3,3.82421875,0x43a6,4.24609375,0x443f,0x799,0.11029052734375,0.421875
4,0,0A000,0x1000,sa1,4,3.455078125,0x42e9,3.52734375,0x430e,0x1e7,0.0209197998046875,0.072265625
4,0,0A000,0x1000,sa1,5,2.271484375,0x408b,2.99609375,0x41fe,0x175,0.319091796875,0.724609375
4,0,0A000,0x1000,sa1,6,3.396484375,0x42cb,4.19921875,0x4433,0x6f8,0.236328125,0.802734375
4,0,0A000,0x1000,sa1,7,3.078125,0x4228,3.36328125,0x42ba,0x92,0.0926513671875,0.28515625
